{
  "_id": "5c76a96c17db7d8330c7a0d4",
  "icu": "",
  "nombre": "AGUSTIN",
  "apellidoP": "ORTIZ",
  "apellidoM": "SANCHEZ",
  "genero": "M",
  "numCel": "5519669392",
  "telefonoDomicilio": "59820158",
  "correo": "TEST@BANCOAZTECA.COM",
  "curp": "ORSA930419HDFXXXA4",
  "rfc": "ORSA930419000",
  "fechaNac": "19/04/1993",
  "idIdentificacion": "2",
  "calle": "1 NORTEA",
  "numExt": "8",
  "numInt": "",
  "cp": "56641",
  "colonia": "TLAPALA",
  "delegacion": "CHALCO",
  "idEntidadFederativa": "",
  "estado": "Mexico",
  "tipoCte": "",
  "idNegocio": "",
  "idCanal": "",
  "idCliente": "",
  "digVer": "",
  "usuario": "",
  "password": "",
  "token": "",
  "foto": "",
  "huella1": "",
  "mano1": "",
  "dedo1": "",
  "idNacionalidad": "449",
  "cveEntidadNacimiento": "19",
  "estatusCliente": true,
  "nivelCte": "",
  "descripcionCte": "CAPTACION",
  "idAlnova": "99494891",
  "paisCu": "1",
  "canalCu": "1",
  "sucursalCu": "8757",
  "folioCu": "7114",
  "cic": "131101080",
  "numeroEmision": "04",
  "claveElector": "HRGLTR76051114M000",
  "vigencia": "2025",
  "usuarioLogin": "123",
  "flujo": 1,
  "__v": 0
}
